Filenames,Predictions
Agaricus/011_WtefvQHAs0w.jpg,Agaricus
Agaricus/041_6hQILEaXRtg.jpg,Agaricus
Agaricus/067_9AjDFE60KkU.jpg,Agaricus
Agaricus/072_qMKO1Y6SWIw.jpg,Amanita
Agaricus/098_TDMUA-5wc9A.jpg,Agaricus
Agaricus/101_ocRZyv2hUFg.jpg,Agaricus
Agaricus/121_yYP_idjfBCU.jpg,Agaricus
Agaricus/148_Q5sVm9VpCR0.jpg,Agaricus
Agaricus/191_PQGCrB3DUtU.jpg,Agaricus
Agaricus/193_4lmqybsoM7M.jpg,Cortinarius
Agaricus/194_T28G7rXl90k.jpg,Agaricus
Agaricus/204_1yPxEMxH2KM.jpg,Lactarius
Agaricus/220_I8E1f8DllPQ.jpg,Agaricus
Agaricus/223_wumkOIF3UWc.jpg,Agaricus
Agaricus/227_NCqx8iqn7CM.jpg,Cortinarius
Agaricus/229_jjRL4DOwZ5E.jpg,Cortinarius
Agaricus/230_3LvVAPLp6L0.jpg,Amanita
Agaricus/240_dHmH11hDvVw.jpg,Agaricus
Agaricus/250_pIIURj24et0.jpg,Agaricus
Agaricus/254_RpnG0Oh4QHQ.jpg,Agaricus
Agaricus/258_ul28IUG3yzo.jpg,Agaricus
Agaricus/273_ZwxysL6gjVQ.jpg,Amanita
Agaricus/299_lLa-uv876WM.jpg,Agaricus
Agaricus/300_VSw-oPLasfg.jpg,Lactarius
Agaricus/323_5Es9oQ3LeGk.jpg,Amanita
Agaricus/348_k_0MT7FcM54.jpg,Agaricus
Agaricus/371__arXHdYlaoY.jpg,Lactarius
Agaricus/382_UYo0exz1_zc.jpg,Agaricus
Agaricus/387_L20ypylGWTk.jpg,Agaricus
Agaricus/391_N7A0y7CgOA0.jpg,Agaricus
Agaricus/392_QXsLZMnBIt0.jpg,Agaricus
Agaricus/401_JJ-e5s3Wnp4.jpg,Russula
Agaricus/411_egeAEeL40Lc.jpg,Agaricus
Agaricus/422_W8QHXh_TzO0.jpg,Agaricus
Agaricus/428_KartCMfFQYk.jpg,Agaricus
Agaricus/438_uTWjQsEXep4.jpg,Agaricus
Amanita/014_1uydPw0Q5Nw.jpg,Amanita
Amanita/019_dC7dMPodoSA.jpg,Amanita
Amanita/020_xmeDaX5osJA.jpg,Amanita
Amanita/046_55Y02Q5s8MQ.jpg,Amanita
Amanita/058_qwNykVN8aEo.jpg,Amanita
Amanita/071_SDRvTCrFXG8.jpg,Amanita
Amanita/073_7cmeDAddxfw.jpg,Amanita
Amanita/079_6ZA8RSmhL-k.jpg,Amanita
Amanita/114_jULazA13QC4.jpg,Lactarius
Amanita/118_ooKU3s1k04I.jpg,Amanita
Amanita/128_m_r16iUGQU8.jpg,Amanita
Amanita/178_fvFcYlYlcfM.jpg,Amanita
Amanita/185_uxcTXMPmwbU.jpg,Amanita
Amanita/212_FiQaXKH5K-Y.jpg,Amanita
Amanita/216_9Rv2HDVZxBM.jpg,Amanita
Amanita/220_t9u6p8CzrrA.jpg,Amanita
Amanita/246_jjcCE5DjnqY.jpg,Amanita
Amanita/264_bQnCcG2c76k.jpg,Amanita
Amanita/284_hjYnEPCzZWs.jpg,Boletus
Amanita/304_fF9sgw_cuPo.jpg,Amanita
Amanita/329_jpdnrnOYvm8.jpg,Amanita
Amanita/332_-v9ivwc3Mxs.jpg,Amanita
Amanita/335_dsHW8FLvKg0.jpg,Amanita
Amanita/354_HFiOZg6IOL8.jpg,Amanita
Amanita/355_e0Y8jDjEmzs.jpg,Amanita
Amanita/371_SgK7FW8pwCI.jpg,Amanita
Amanita/376_4HOq_N9j0FY.jpg,Amanita
Amanita/384_Dcn4XynHIrE.jpg,Amanita
Amanita/389_1fQDmvX1jb8.jpg,Amanita
Amanita/390_OkrlXlKMHEQ.jpg,Entoloma
Amanita/409_OaULx3kBA4k.jpg,Amanita
Amanita/417_U0uIfQtXxCQ.jpg,Amanita
Amanita/425_QlmWfO9nyX8.jpg,Amanita
Amanita/430_Z8uTOXKQS18.jpg,Amanita
Amanita/434_EO1ERVI_US4.jpg,Amanita
Amanita/453_S7sNEl-aSQ0.jpg,Amanita
Amanita/460_vdJp6jRlp7g.jpg,Amanita
Amanita/481_kWgaM9HscAY.jpg,Amanita
Amanita/487_NvotQ1TMTzU.jpg,Russula
Amanita/490_GiCnvGBmknM.jpg,Amanita
Amanita/537_5FMMhBffQ9Y.jpg,Amanita
Amanita/558_sF2iPt4_KSU.jpg,Amanita
Amanita/567_XEBcSTDyNnU.jpg,Amanita
Amanita/581_MFN1aDZ95Hs.jpg,Amanita
Amanita/584_fegtvHpgi44.jpg,Amanita
Amanita/606_-Spd1eGGeCk.jpg,Amanita
Amanita/608_nzhPWIDC4SA.jpg,Amanita
Amanita/609_-l8_HVCTAwc.jpg,Amanita
Amanita/615_Duu5qNPfqz4.jpg,Amanita
Amanita/624_vV5JtvT-HhY.jpg,Amanita
Amanita/634_A68HIOQ8op8.jpg,Boletus
Amanita/644_89fsvmMxBq4.jpg,Amanita
Amanita/646_zBDcRvL_RyM.jpg,Amanita
Amanita/653_b0H6XnwMZIA.jpg,Amanita
Amanita/661_xA3nyTQ8s1Q.jpg,Amanita
Amanita/662_CrnEDliRKAI.jpg,Amanita
Amanita/663_zoxP_gipxhE.jpg,Amanita
Amanita/680_dUeZj824Qoo.jpg,Amanita
Amanita/683_50lJgIGy1ZM.jpg,Amanita
Amanita/701_EDkTmOpvCJs.jpg,Amanita
Amanita/705_xh14Kde4VU8.jpg,Amanita
Amanita/713_znBkCzCEi-g.jpg,Amanita
Amanita/718_-WVP-v3G2dU.jpg,Amanita
Amanita/723_v41ajiMZnfw.jpg,Lactarius
Amanita/724_qyN7pWRqMoc.jpg,Amanita
Amanita/726_SIE7sHaXCrs.jpg,Amanita
Amanita/731_XmKcONLaLNQ.jpg,Amanita
Amanita/743_iQYj9irR9d4.jpg,Amanita
Amanita/748_iWLxylB00lM.jpg,Amanita
Amanita/749_Kwa9kDjoczs.jpg,Amanita
Amanita/751_Ctve60daKzw.jpg,Amanita
Amanita/759_6SqS62h11EE.jpg,Amanita
Amanita/762_-eRkef2po2Y.jpg,Amanita
Amanita/766_iDERt11pzvQ.jpg,Amanita
Amanita/778_PisjukL0TOc.jpg,Russula
Boletus/0026_F1YdfaWItpI.jpg,Boletus
Boletus/0036_41TvrPm_kzc.jpg,Boletus
Boletus/0037_qOpfircUoRA.jpg,Boletus
Boletus/0044_zMTVruDqDhA.jpg,Boletus
Boletus/0052_um2UtUJ8cuM.jpg,Boletus
Boletus/0055_C6xQ5UuXDIE.jpg,Boletus
Boletus/0061_-RQMUF6aiTI.jpg,Boletus
Boletus/0069_4SdrrvGdgtw.jpg,Boletus
Boletus/0081_Jy-UUrFwLMA.jpg,Boletus
Boletus/0090_PCyZBE7zH28.jpg,Boletus
Boletus/0094_fGO6un6TzT8.jpg,Suillus
Boletus/0111_A2YhkB2bWPE.jpg,Boletus
Boletus/0135_8E14p4irE5o.jpg,Boletus
Boletus/0139_4Slu9ELtokU.jpg,Boletus
Boletus/0149_sxoA5Z7iX10.jpg,Boletus
Boletus/0155_cfBPq0uvW7U.jpg,Boletus
Boletus/0176_J7Pq7LRCag0.jpg,Boletus
Boletus/0198_WNXLtkA7ydA.jpg,Boletus
Boletus/0217_-R18_js788o.jpg,Boletus
Boletus/0226_wcNLBe-imXM.jpg,Boletus
Boletus/0245_M167aLbLgs8.jpg,Boletus
Boletus/0262_bE-cUUNaFnw.jpg,Boletus
Boletus/0266_hm7ahGt7-JY.jpg,Boletus
Boletus/0271_r-8HHW5OeSQ.jpg,Boletus
Boletus/0298_01Q7PUhybdQ.jpg,Boletus
Boletus/0327_nSZmxzOQlAg.jpg,Boletus
Boletus/0343_bk4U5tF-Po4.jpg,Boletus
Boletus/0355_cl1mctVooVU.jpg,Boletus
Boletus/0362_Mq7MCZL_jnU.jpg,Boletus
Boletus/0366_u7OWUN-ETZ4.jpg,Boletus
Boletus/0375_bspOOJx2OdQ.jpg,Boletus
Boletus/0383_cBGWFDFdMlU.jpg,Boletus
Boletus/0407_maC7O4UKDss.jpg,Boletus
Boletus/0408_oOp23x87A3E.jpg,Boletus
Boletus/0416_OJgPHqbJXos.jpg,Boletus
Boletus/0424_uauxZ0OBcgI.jpg,Boletus
Boletus/0442_I5BD-18m5Yw.jpg,Boletus
Boletus/0445_J-EGB6gW7IY.jpg,Cortinarius
Boletus/0455_Up1hHdxJj-4.jpg,Boletus
Boletus/0472_ekalG7BxG5o.jpg,Boletus
Boletus/0474_15UoxTZMyWY.jpg,Lactarius
Boletus/0506_KBa20W20SLY.jpg,Boletus
Boletus/0511_EcBHAv8GQFg.jpg,Boletus
Boletus/0513_M5Q-u5HDgBc.jpg,Boletus
Boletus/0541_bFnaOOnyWr0.jpg,Suillus
Boletus/0551_xiALBJABq4k.jpg,Boletus
Boletus/0563_ksS49uI9ITA.jpg,Boletus
Boletus/0565_TA7rVmeqzrM.jpg,Boletus
Boletus/0577_gZB7i43D6sA.jpg,Boletus
Boletus/0581_rwq7_CJzxZE.jpg,Boletus
Boletus/0593_RjENY9vRdoQ.jpg,Boletus
Boletus/0594_cGMgyLMFT2A.jpg,Boletus
Boletus/0608_iR5VKlchysc.jpg,Boletus
Boletus/0631_PJXNFQZc7n8.jpg,Boletus
Boletus/0640_xxa_zZa2XfE.jpg,Boletus
Boletus/0641_-ZAff_oewis.jpg,Boletus
Boletus/0647_VuGFN8uliNA.jpg,Boletus
Boletus/0653_Dafgx0YCkGQ.jpg,Boletus
Boletus/0654_S0ZETeWMBPU.jpg,Suillus
Boletus/0671_xCDOw_Oy2XA.jpg,Boletus
Boletus/0681_9ENTG8grRq4.jpg,Boletus
Boletus/0690_TP0uLk0F4kE.jpg,Boletus
Boletus/0693_46x-DuWHGTI.jpg,Boletus
Boletus/0695_QeY-_8a02D0.jpg,Boletus
Boletus/0726_wNJGG_syL80.jpg,Russula
Boletus/0735_R1XnqdZ_l6U.jpg,Boletus
Boletus/0738_QRzHcsMovm4.jpg,Boletus
Boletus/0740_Jlql5BiAfp0.jpg,Boletus
Boletus/0750_5x0XWFU5DI0.jpg,Boletus
Boletus/0752_w2vJnwi29eQ.jpg,Boletus
Boletus/0762_TsPtCKBl2e0.jpg,Boletus
Boletus/0763_5AjdhlhHVIE.jpg,Boletus
Boletus/0765_ika0869QFxg.jpg,Lactarius
Boletus/0768_ld2QwFeH6lU.jpg,Suillus
Boletus/0770_mLajX8So15Q.jpg,Boletus
Boletus/0780_vGKXYeR9TeQ.jpg,Boletus
Boletus/0787_g2Nto4EtK9c.jpg,Boletus
Boletus/0802_MWtsI0EKttw.jpg,Boletus
Boletus/0810_n3wvW5p564A.jpg,Boletus
Boletus/0818_JkjPy8oZIZg.jpg,Boletus
Boletus/0834_XZ_Q0TFA-h0.jpg,Boletus
Boletus/0835_z7K6gHvi0kQ.jpg,Boletus
Boletus/0842_z5fVzAO2frA.jpg,Boletus
Boletus/0844_gRJGIN1vt_k.jpg,Boletus
Boletus/0852_hO3uIkZffxM.jpg,Boletus
Boletus/0857_lvu1iJAnbvg.jpg,Boletus
Boletus/0871_pNF5ryv4FHs.jpg,Boletus
Boletus/0889_I8YTmcUg7I4.jpg,Boletus
Boletus/0904_qppYGFqfqYg.jpg,Boletus
Boletus/0917_RQJiAreZoNk.jpg,Boletus
Boletus/0921_nM5VBBjgKc0.jpg,Boletus
Boletus/0939_Uu9bT1-H4ZE.jpg,Boletus
Boletus/0944_uchnyCbCU8o.jpg,Boletus
Boletus/0945_ONPciYL_YG8.jpg,Boletus
Boletus/0947_1_IOtRaiEVo.jpg,Boletus
Boletus/0955_XlvFlp1sBj4.jpg,Boletus
Boletus/0963_cmycI0xmirQ.jpg,Boletus
Boletus/0973_3sHiAPozEok.jpg,Cortinarius
Boletus/0975_uYko2nGwykI.jpg,Boletus
Boletus/0990_aTCwmFg4nys.jpg,Boletus
Boletus/0996_Q7XPG15LS3E.jpg,Boletus
Boletus/1018_HtZb9YUN-q0.jpg,Boletus
Boletus/1048_YbTbhbRYbBI.jpg,Boletus
Boletus/1054_1Lr0N84mO1I.jpg,Boletus
Boletus/1058_GEqRM8L9qLQ.jpg,Boletus
Boletus/1061_aqfVj5NGmbg.jpg,Boletus
Boletus/1081_S9BZwG4wmiU.jpg,Boletus
Boletus/1084_0ZxVbRFUV1U.jpg,Boletus
Cortinarius/013_J10V0mBJglk.jpg,Cortinarius
Cortinarius/018_N1grNRX8F-0.jpg,Cortinarius
Cortinarius/019_suT0wddCSGg.jpg,Cortinarius
Cortinarius/049_4wZMPoOeKUM.jpg,Cortinarius
Cortinarius/051_BcBgKIXkPFY.jpg,Russula
Cortinarius/061_b6lPf6rUYGE.jpg,Entoloma
Cortinarius/073_bijXz4uP7Lo.jpg,Cortinarius
Cortinarius/075_nZ-aphBu3Ko.jpg,Amanita
Cortinarius/081_K2tVjc_LDLs.jpg,Cortinarius
Cortinarius/119_Z_DKJnZen8M.jpg,Cortinarius
Cortinarius/123_d68nNwG_WC8.jpg,Cortinarius
Cortinarius/135_pLtvcRe148U.jpg,Cortinarius
Cortinarius/187_OUjuhvWfuh0.jpg,Cortinarius
Cortinarius/195_lD8h4PCMaUY.jpg,Cortinarius
Cortinarius/224_mLlKvEsrEcA.jpg,Cortinarius
Cortinarius/228_xJVe1YM85nw.jpg,Cortinarius
Cortinarius/233_XM6P4LZAQr4.jpg,Cortinarius
Cortinarius/260_0VXlndIXm7M.jpg,Lactarius
Cortinarius/281_ymke6n3Y0Ow.jpg,Cortinarius
Cortinarius/301_BY2YjnDmmdc.jpg,Entoloma
Cortinarius/322_vMe0tFM6hrU.jpg,Cortinarius
Cortinarius/347_LEGELZGqAR8.jpg,Cortinarius
Cortinarius/348_ta1UTIX49l4.jpg,Cortinarius
Cortinarius/351_skge1lISDO4.jpg,Cortinarius
Cortinarius/355_AWTXHo4WJgA.jpg,Russula
Cortinarius/375_N8_MLd4uCww.jpg,Cortinarius
Cortinarius/377_f3HXM6B5ew4.jpg,Cortinarius
Cortinarius/392_G4AGgZY0u60.jpg,Cortinarius
Cortinarius/398_SBwwZwsjoq8.jpg,Cortinarius
Cortinarius/406_1eAaDh3eJNA.jpg,Cortinarius
Cortinarius/411_Uu5P700KaWg.jpg,Cortinarius
Cortinarius/412_Go1G0hhZgdo.jpg,Cortinarius
Cortinarius/432_7aBsocfjsU0.jpg,Cortinarius
Cortinarius/441_FZoHpOe6uOM.jpg,Cortinarius
Cortinarius/449_VlvWf0y620o.jpg,Cortinarius
Cortinarius/454_c5HyGw9TP7Y.jpg,Entoloma
Cortinarius/458_gH7uqOisjr4.jpg,Hygrocybe
Cortinarius/477_itf1hUQfWdQ.jpg,Cortinarius
Cortinarius/486_RbKcfj6Oapg.jpg,Cortinarius
Cortinarius/513_uR8Q4m1ZClE.jpg,Cortinarius
Cortinarius/522_E-K9dxkt0Es.jpg,Cortinarius
Cortinarius/525_M56eqj_TJRA.jpg,Cortinarius
Cortinarius/578_RfD0gduMwqs.jpg,Boletus
Cortinarius/604_55_Sj5HXI6U.jpg,Cortinarius
Cortinarius/613_RZSh0QPwcnw.jpg,Cortinarius
Cortinarius/630_4yNRuvrH5k0.jpg,Cortinarius
Cortinarius/632_QHdudY2gh60.jpg,Entoloma
Cortinarius/639_y-cr1kQVrVQ.jpg,Cortinarius
Cortinarius/657_Uq0WZj-Grn8.jpg,Cortinarius
Cortinarius/659_CFqChNgfGdU.jpg,Cortinarius
Cortinarius/660_qqPWIG-_atg.jpg,Lactarius
Cortinarius/666_sonNnUEN6do.jpg,Cortinarius
Cortinarius/675_KXqC--b5miQ.jpg,Lactarius
Cortinarius/686_KZ8APNZQcpk.jpg,Russula
Cortinarius/696_eeKqKhysdAA.jpg,Cortinarius
Cortinarius/698_hDYmajbNTyc.jpg,Cortinarius
Cortinarius/705_X9UFR-KQjXQ.jpg,Cortinarius
Cortinarius/713_0K-WK89enpQ.jpg,Cortinarius
Cortinarius/714_25DTmKBkwTs.jpg,Cortinarius
Cortinarius/715_N7Rr1PJIQHI.jpg,Cortinarius
Cortinarius/734_gSi3maWDcms.jpg,Boletus
Cortinarius/737_lgx2ySgwcNY.jpg,Suillus
Cortinarius/748_viu_uu1eo-8.jpg,Suillus
Cortinarius/757_J-lwYDUNxU0.jpg,Cortinarius
Cortinarius/763_FGG9otijNFg.jpg,Cortinarius
Cortinarius/771_MXKIxiqEjZg.jpg,Cortinarius
Cortinarius/777_0SWeyPoYyYU.jpg,Cortinarius
Cortinarius/786_NTOO1CLhDKM.jpg,Cortinarius
Cortinarius/790_gMpq8P1w1ho.jpg,Cortinarius
Cortinarius/803_0OvhIlyG_zg.jpg,Cortinarius
Cortinarius/809_4LeImCMicbg.jpg,Suillus
Cortinarius/811__Un4_gso5vU.jpg,Cortinarius
Cortinarius/825_nn-gRPOKNNQ.jpg,Cortinarius
Cortinarius/846_ULpW9vyOX6k.jpg,Cortinarius
Cortinarius/853_2Xb1T0phheQ.jpg,Lactarius
Cortinarius/860_gJBWJ3MS2kY.jpg,Suillus
Cortinarius/877_wRO8nx5S65g.jpg,Cortinarius
Cortinarius/878_0mFDyWFFSoM.jpg,Cortinarius
Cortinarius/888_ZhR02w0BsKw.jpg,Cortinarius
Cortinarius/903_69IWsYBV9Vw.jpg,Agaricus
Cortinarius/917_MJi5-SDM83U.jpg,Suillus
Cortinarius/920_wzMtMlkv4bE.jpg,Cortinarius
Cortinarius/927_MThMyEFu3p4.jpg,Cortinarius
Cortinarius/940_Bm2fdTf55Bc.jpg,Cortinarius
Cortinarius/944_aProg0-1GAU.jpg,Cortinarius
Entoloma/009_FXrjeqzS7RU.jpg,Entoloma
Entoloma/035_3ARVkRBGYO4.jpg,Entoloma
Entoloma/058_5-U40EtcXFU.jpg,Entoloma
Entoloma/064_861QFXwdCFo.jpg,Entoloma
Entoloma/088_fWTLruVDAe8.jpg,Entoloma
Entoloma/091_QKhTnL09okw.jpg,Entoloma
Entoloma/110_xQE3D7c0ppc.jpg,Entoloma
Entoloma/141_A8ojs3vN3Yk.jpg,Cortinarius
Entoloma/174_1w3z8-F2eyc.jpg,Entoloma
Entoloma/176_ktnUUfUPOOM.jpg,Lactarius
Entoloma/177_aRUlk2UAjIo.jpg,Amanita
Entoloma/188_yZAmsYQTNeQ.jpg,Entoloma
Entoloma/196_o-oWSJxorJ8.jpg,Entoloma
Entoloma/199_03FNRpx8Czo.jpg,Entoloma
Entoloma/204_CbsIOVozDTQ.jpg,Entoloma
Entoloma/206_tjDuYbSFHc4.jpg,Entoloma
Entoloma/207_FPHO23zCTCg.jpg,Entoloma
Entoloma/217_MQnUltdhEsM.jpg,Russula
Entoloma/222_vVAtg9dt7GM.jpg,Entoloma
Entoloma/226_DH03IhyKyLk.jpg,Entoloma
Entoloma/228_eHNGN7ANh4o.jpg,Amanita
Entoloma/240_Y3jVX5vT0bc.jpg,Entoloma
Entoloma/259_bLHgxlwzhEo.jpg,Entoloma
Entoloma/260_zX3EWBI2sI0.jpg,Entoloma
Entoloma/285_v-EfRQu4rB4.jpg,Lactarius
Entoloma/304_IsaG-P0iKtA.jpg,Entoloma
Entoloma/325_JOvwO-gzhHI.jpg,Lactarius
Entoloma/332_usRFEP68As0.jpg,Hygrocybe
Entoloma/337_CtXrNI3Aodw.jpg,Lactarius
Entoloma/342_5FkyfzXL4hQ.jpg,Entoloma
Entoloma/344_uf0xKp6qwNQ.jpg,Entoloma
Entoloma/351_j79v2a_FfmU.jpg,Entoloma
Entoloma/360_C74l141Wq-o.jpg,Entoloma
Entoloma/372_hriIdsNQgxI.jpg,Entoloma
Entoloma/377_FaO9p6Xa8X4.jpg,Entoloma
Entoloma/379_HyBWv6mO6zM.jpg,Entoloma
Entoloma/395_H8PaQx735cs.jpg,Entoloma
Hygrocybe/009_ibeII169AxM.jpg,Hygrocybe
Hygrocybe/034_XDP3mv6Ai2Y.jpg,Russula
Hygrocybe/035_fQrFS9Qn4Og.jpg,Entoloma
Hygrocybe/058_x2Ekv3UNbYo.jpg,Hygrocybe
Hygrocybe/063_8ErIAuTbJaQ.jpg,Hygrocybe
Hygrocybe/089_jLH0_RdGs7U.jpg,Hygrocybe
Hygrocybe/092_pLnT-Cgm2OA.jpg,Hygrocybe
Hygrocybe/109_HMXraCYzkTA.jpg,Hygrocybe
Hygrocybe/111_y0gca8_C5N0.jpg,Hygrocybe
Hygrocybe/134_qjPSkSg9FQo.jpg,Hygrocybe
Hygrocybe/144_Ihgl8RSwhUg.jpg,Russula
Hygrocybe/167_0dmBJfGHH8c.jpg,Hygrocybe
Hygrocybe/169_8bL7r1aIoFg.jpg,Hygrocybe
Hygrocybe/170_2ns6axzBqzU.jpg,Entoloma
Hygrocybe/180_2VQ4871da34.jpg,Hygrocybe
Hygrocybe/189_A4jdbHh4lYk.jpg,Hygrocybe
Hygrocybe/191_-Yf8FV25ar8.jpg,Hygrocybe
Hygrocybe/195_WpZovdY4Avg.jpg,Russula
Hygrocybe/198_pNU2YddC5R0.jpg,Hygrocybe
Hygrocybe/199_sN1UxUTc-3o.jpg,Hygrocybe
Hygrocybe/210_n7-IEARn89g.jpg,Hygrocybe
Hygrocybe/214_NpW8lRVX-RQ.jpg,Lactarius
Hygrocybe/219_TNCiivIfrJo.jpg,Hygrocybe
Hygrocybe/221_vtRk8qlMEA4.jpg,Hygrocybe
Hygrocybe/234_3cAalTLzrpg.jpg,Hygrocybe
Hygrocybe/253_IgK1gMXB7S0.jpg,Hygrocybe
Hygrocybe/254_tfN6W-OGTQg.jpg,Hygrocybe
Hygrocybe/279_qMPhGAtE9-E.jpg,Hygrocybe
Hygrocybe/295_VkbT2axzMuQ.jpg,Hygrocybe
Hygrocybe/302_NgYVwhusQ1c.jpg,Hygrocybe
Hygrocybe/314_tDtKkHcGxRM.jpg,Hygrocybe
Hygrocybe/320_M-2ZFAkYh4I.jpg,Hygrocybe
Hygrocybe/322_brTqAqVzKEY.jpg,Hygrocybe
Lactarius/0026_autPTj6WXpU.jpg,Lactarius
Lactarius/0035_EV3ps3BGwtE.jpg,Lactarius
Lactarius/0036_UjqjlkUecEk.jpg,Lactarius
Lactarius/0049_bGXjLlEtiX8.jpg,Lactarius
Lactarius/0085_m5xg2ioUV4k.jpg,Lactarius
Lactarius/0087_rHw80U37w70.jpg,Lactarius
Lactarius/0090_8gZ-MF4DF5c.jpg,Lactarius
Lactarius/0100_VP4M5qp5Xuw.jpg,Lactarius
Lactarius/0106_xA3eNf-Gxcw.jpg,Lactarius
Lactarius/0107_OQ77ckp3OKk.jpg,Lactarius
Lactarius/0110_giOc-KAwWFI.jpg,Lactarius
Lactarius/0117_LS-tLCqWBuQ.jpg,Lactarius
Lactarius/0129_oXXyqHV1F4Q.jpg,Amanita
Lactarius/0131_dHnYwdU72jo.jpg,Lactarius
Lactarius/0132_phTDi_QE6ew.jpg,Hygrocybe
Lactarius/0135_6DElJIZy7rE.jpg,Hygrocybe
Lactarius/0141_HKyggUBItrQ.jpg,Lactarius
Lactarius/0154_WPNA9i3tmiY.jpg,Lactarius
Lactarius/0206_Bx_2ZtnNtPw.jpg,Russula
Lactarius/0215_-hrB-GFJWHU.jpg,Lactarius
Lactarius/0232_XpJ2cj09zCo.jpg,Lactarius
Lactarius/0256_AfKj-CzsmLI.jpg,Lactarius
Lactarius/0267_C1Uoq2ej_yE.jpg,Lactarius
Lactarius/0293_lWMOHArDMK8.jpg,Russula
Lactarius/0304_8QldoV2qt2o.jpg,Lactarius
Lactarius/0312_W0c_b43723M.jpg,Lactarius
Lactarius/0314_WuYX1nONvS8.jpg,Lactarius
Lactarius/0326_0by1gTTscOU.jpg,Lactarius
Lactarius/0334_Y9adU_u7yV0.jpg,Lactarius
Lactarius/0336_ylO1qETLgts.jpg,Lactarius
Lactarius/0355_57-ZeeTlLQ4.jpg,Lactarius
Lactarius/0364_uK5RyQ17_Zw.jpg,Lactarius
Lactarius/0377_AKTwCIKqE2g.jpg,Lactarius
Lactarius/0382_wreBJN-rbPM.jpg,Lactarius
Lactarius/0386_r0Yplh5pDy4.jpg,Lactarius
Lactarius/0387_Ha4JDFP8gAQ.jpg,Lactarius
Lactarius/0394_ijJj6-O8kiU.jpg,Lactarius
Lactarius/0401_pjN-tM9EiYA.jpg,Lactarius
Lactarius/0408_LY5iPEIMHC8.jpg,Lactarius
Lactarius/0419_kufuR1RFbWY.jpg,Lactarius
Lactarius/0435_KaJTzdA7zj0.jpg,Lactarius
Lactarius/0450_krO-H5LkJNw.jpg,Russula
Lactarius/0484_eatWnKvDkpE.jpg,Lactarius
Lactarius/0496_IyfSi177Gyk.jpg,Lactarius
Lactarius/0497_j77wPpHgLdc.jpg,Lactarius
Lactarius/0504_WbtvHzVZm4w.jpg,Lactarius
Lactarius/0513_FxlrPrfhueY.jpg,Lactarius
Lactarius/0517_rFN7yBpR7j4.jpg,Suillus
Lactarius/051_33fi4lDjkYA.jpg,Lactarius
Lactarius/0559_RaSeMkriIpc.jpg,Lactarius
Lactarius/0563_pSiS-JjJGzo.jpg,Lactarius
Lactarius/0601_YV6iIH2tbSw.jpg,Lactarius
Lactarius/0602__RP9PUPuNgw.jpg,Lactarius
Lactarius/0608_NZVl_YyL-sw.jpg,Lactarius
Lactarius/0614_LXNOzSYXxHA.jpg,Lactarius
Lactarius/0615_R0G-yDrCQ6U.jpg,Lactarius
Lactarius/061_KShq81HACXk.jpg,Lactarius
Lactarius/0653_XPRa6te4hVc.jpg,Lactarius
Lactarius/0655_RI49qFNMwJA.jpg,Lactarius
Lactarius/0683_mZMqxy-haQU.jpg,Lactarius
Lactarius/0684_3t_0XmrIXw4.jpg,Cortinarius
Lactarius/0687_CuBu6SnpQYA.jpg,Russula
Lactarius/0694_b08C8RPGVf0.jpg,Lactarius
Lactarius/0695_9lD-wou9nCY.jpg,Lactarius
Lactarius/0696_j4XAGGJgkck.jpg,Lactarius
Lactarius/0708_0OXSWC3IqHc.jpg,Lactarius
Lactarius/0719_AwwJnBRvTC4.jpg,Lactarius
Lactarius/0720_lBNQ8RqLuUc.jpg,Lactarius
Lactarius/0749_yJZDjnhs2II.jpg,Lactarius
Lactarius/0754_iUP8ifju0Fk.jpg,Lactarius
Lactarius/0770_bc044g7s_tk.jpg,Lactarius
Lactarius/0771_qaQTWOiHMHM.jpg,Lactarius
Lactarius/0773_7sw6xICACRk.jpg,Lactarius
Lactarius/0784_WnmeJkFWa50.jpg,Lactarius
Lactarius/0794_rAh-SYlXfxI.jpg,Suillus
Lactarius/0801_RpYd0Xn5Svw.jpg,Boletus
Lactarius/0821_jn3KlJpaoRY.jpg,Lactarius
Lactarius/0839_CX5QxukdOy8.jpg,Lactarius
Lactarius/0841_Dm8n-jmOi2s.jpg,Hygrocybe
Lactarius/0846_T6p1CIB99eY.jpg,Lactarius
Lactarius/0847_ijQdwp7YSYo.jpg,Lactarius
Lactarius/0851_xEh0Z4nN8S0.jpg,Lactarius
Lactarius/0866_L3w9YLNEucI.jpg,Lactarius
Lactarius/0890_Fm2kZLQ186E.jpg,Lactarius
Lactarius/0896_AFMJb1x2_Tc.jpg,Lactarius
Lactarius/089_AJoVxJM23M4.jpg,Lactarius
Lactarius/0907_osHGPvST3_c.jpg,Cortinarius
Lactarius/0908_2U-JQTGscXY.jpg,Lactarius
Lactarius/0952_2Al1JbmsMSY.jpg,Lactarius
Lactarius/0959_CWgwgnbpvOE.jpg,Amanita
Lactarius/0972_PTwJ6vbx9tw.jpg,Lactarius
Lactarius/0993_vWFD5m5EFdw.jpg,Lactarius
Lactarius/1031_-Xmag74uj8c.jpg,Lactarius
Lactarius/1041_Z2tuKERqbK0.jpg,Russula
Lactarius/1043_hViXvFB2bAk.jpg,Lactarius
Lactarius/1048_MSQORy6bC5g.jpg,Lactarius
Lactarius/1049_zHyhflGhqMI.jpg,Russula
Lactarius/1057_xd6IBOXVUHo.jpg,Lactarius
Lactarius/106_JQvrZBwc_AE.jpg,Lactarius
Lactarius/1073_Pzt55D-ZglE.jpg,Lactarius
Lactarius/1084__qV9VGarloM.jpg,Lactarius
Lactarius/1088_LTKVGNRHRws.jpg,Lactarius
Lactarius/1094_z2k6Rx3qpqM.jpg,Lactarius
Lactarius/1097_rmaL-vuadpw.jpg,Lactarius
Lactarius/1099_ogbypHhzgBc.jpg,Lactarius
Lactarius/1104_Top2jkbHf3c.jpg,Lactarius
Lactarius/1125_cG_zbzpEDLw.jpg,Lactarius
Lactarius/1126_OzpDgrwjWNc.jpg,Boletus
Lactarius/112_b0s-HBqYxZ8.jpg,Russula
Lactarius/1131_97xwQcyP2DU.jpg,Lactarius
Lactarius/1142_sy0-QJOOOUM.jpg,Lactarius
Lactarius/1154__bIG56JKxok.jpg,Lactarius
Lactarius/1158_b3dVqWV99Jw.jpg,Lactarius
Lactarius/1175_5FsDoH1viUQ.jpg,Lactarius
Lactarius/1188_KbzX1Q5JIp8.jpg,Lactarius
Lactarius/1192_ePQbK-nQ-pQ.jpg,Lactarius
Lactarius/1196_upe3p8ksEhQ.jpg,Lactarius
Lactarius/1199_hy7BCb0o9Ss.jpg,Russula
Lactarius/1208_B0mbdezie44.jpg,Boletus
Lactarius/1210_5y8ObCFK_r4.jpg,Lactarius
Lactarius/1213_E6SGc19pJFY.jpg,Lactarius
Lactarius/1222_RyvjoxAnFGM.jpg,Lactarius
Lactarius/1224_Yn3W7OW8tkQ.jpg,Lactarius
Lactarius/1226_nyvT8mRno3g.jpg,Russula
Lactarius/1234_zMOpTlC2FHM.jpg,Russula
Lactarius/1235_SE255QzCRv8.jpg,Lactarius
Lactarius/1253_s7wcvCpPjs8.jpg,Lactarius
Lactarius/1255_IEpHR0ycveY.jpg,Lactarius
Lactarius/130_Wiyye4F1Me0.jpg,Lactarius
Lactarius/141_Itbriupn3h8.jpg,Russula
Lactarius/143_IicSy9kiv0o.jpg,Lactarius
Lactarius/145_PIAz8jmOcec.jpg,Lactarius
Lactarius/163_u7k2YSM8vus.jpg,Lactarius
Lactarius/165_zIuyoIo3dpI.jpg,Lactarius
Lactarius/171_uN0vCUjIICU.jpg,Lactarius
Lactarius/172_AtgfiwOgTAk.jpg,Lactarius
Lactarius/184_RdNgKgLSrNg.jpg,Lactarius
Lactarius/187_9b5XfCCHe9s.jpg,Lactarius
Lactarius/196_tXYfmIoZ0B4.jpg,Lactarius
Lactarius/214_ao2XVNw4u24.jpg,Lactarius
Lactarius/217_NouQvvUbzkI.jpg,Lactarius
Lactarius/223_wyxrsRyGGDo.jpg,Boletus
Lactarius/248_TDeEAjVccE8.jpg,Lactarius
Lactarius/266_fRQYLG7Mv8s.jpg,Lactarius
Lactarius/272_NVP0YfKtUEs.jpg,Russula
Lactarius/286_8T67siL320M.jpg,Lactarius
Lactarius/296_35L281jgJGM.jpg,Boletus
Lactarius/297_64znHIjI6zg.jpg,Boletus
Lactarius/299_EsqtIPAGCrE.jpg,Lactarius
Lactarius/331_tw1BX2kCXR8.jpg,Lactarius
Lactarius/341_rBv_-dspvFk.jpg,Lactarius
Lactarius/349_zxiCkYlbezI.jpg,Lactarius
Lactarius/352_BWG9XxFjaCA.jpg,Lactarius
Lactarius/363_g4emjowF7tA.jpg,Lactarius
Lactarius/393_1qWp8lGcF3o.jpg,Lactarius
Lactarius/400_kxSglisn_Ac.jpg,Lactarius
Lactarius/410_gHeG6gEpGT8.jpg,Lactarius
Russula/014_HBZMDQmMf_s.jpg,Russula
Russula/020_SYsAZ-J5m-w.jpg,Russula
Russula/020_bUHodwLC_Q4.jpg,Russula
Russula/027_KBzc0ewR7Z8.jpg,Russula
Russula/033_1SuhT8eX8EU.jpg,Lactarius
Russula/045_6DTMfcH5eQ8.jpg,Russula
Russula/050_MwOq3EeFUvc.jpg,Russula
Russula/051_pW3j3Kbukas.jpg,Cortinarius
Russula/053_oUqP3p8WFlA.jpg,Lactarius
Russula/058_rXtA5QC0tm0.jpg,Russula
Russula/063_uucL1wSSwi8.jpg,Russula
Russula/064_7LLSFgmojbg.jpg,Russula
Russula/066_QwlTSWbST_A.jpg,Russula
Russula/070_5FimNNNhvNA.jpg,Russula
Russula/076_rnEZ9F0Wy9I.jpg,Russula
Russula/078_3Q1G1OmHuiQ.jpg,Russula
Russula/079_uM7c2Ga6vqI.jpg,Russula
Russula/081_j2xLn32_Kt0.jpg,Russula
Russula/089_6TkErJOSOIY.jpg,Russula
Russula/097_vcRnfngKDrA.jpg,Russula
Russula/128_KUVMvp3TKp0.jpg,Russula
Russula/133_YYhtG28_2Jk.jpg,Russula
Russula/147_j54FOvB9_jg.jpg,Russula
Russula/165_iSv1-9PofVg.jpg,Russula
Russula/171_ObDajfKwwlE.jpg,Russula
Russula/190_psuQsI-eBkk.jpg,Agaricus
Russula/197_3XtkFTz6GZs.jpg,Russula
Russula/201_N6x4NYfvfM4.jpg,Russula
Russula/202_tE6ZTwTJtKs.jpg,Russula
Russula/210_noxYUyRF-Kk.jpg,Russula
Russula/216_FzbN1M3fxxI.jpg,Russula
Russula/217_ALueTG_UTGU.jpg,Russula
Russula/230_flh3WIfQjAc.jpg,Russula
Russula/235_Q5nvTGEknyU.jpg,Russula
Russula/246_4knSadMVomU.jpg,Russula
Russula/246_E_FppEV0Cbo.jpg,Russula
Russula/249_udSXd7EHZY8.jpg,Russula
Russula/252__LvJUvUiGeQ.jpg,Russula
Russula/253_YuGdIWY4n3s.jpg,Cortinarius
Russula/258_TPCGplbtOfg.jpg,Russula
Russula/262_nMUmJp6be7U.jpg,Russula
Russula/267_U6cooYCiCGA.jpg,Russula
Russula/273_stZsudBxVDk.jpg,Russula
Russula/286_le3-3FWFZc8.jpg,Russula
Russula/295_kw1eMiOy3wY.jpg,Russula
Russula/300_B_PsrjQ2MkQ.jpg,Lactarius
Russula/329_PxteNH5w9Yk.jpg,Russula
Russula/336_7zn5VzBv17c.jpg,Russula
Russula/336_96neW9n0LUQ.jpg,Russula
Russula/343_ToPg8t01A-I.jpg,Russula
Russula/349_2BdfO4RVh1A.jpg,Russula
Russula/350_UGq7aXC50ec.jpg,Russula
Russula/352_ykL56k89IoE.jpg,Russula
Russula/376_8b_sytpCO2Q.jpg,Russula
Russula/379_-YfyjvU5sZw.jpg,Russula
Russula/402_9MQTIRBvLWM.jpg,Russula
Russula/404_AMiZOsSv6Ok.jpg,Russula
Russula/405_cvW-5bsytbo.jpg,Russula
Russula/406_Ez6hxZI0eFU.jpg,Russula
Russula/411_uj64v1Mhw78.jpg,Lactarius
Russula/414_c4SgHwRgdSc.jpg,Russula
Russula/415_nA4a79HP13M.jpg,Russula
Russula/416_HL5U3TXaTig.jpg,Russula
Russula/418_FQd9Vw8J5hQ.jpg,Russula
Russula/424_JmTnJqOe5fU.jpg,Russula
Russula/436_Mli8o55Y9Kg.jpg,Russula
Russula/437_1_rYR0AJW1A.jpg,Russula
Russula/453_GyRRqQuixwg.jpg,Amanita
Russula/454_uTMl-t0RwNE.jpg,Lactarius
Russula/455_K6wzhsL2hEU.jpg,Russula
Russula/458_qK1_4b1eE6c.jpg,Russula
Russula/459_674gDK2pVBc.jpg,Lactarius
Russula/459_SsGgwtuZ3v0.jpg,Russula
Russula/467_5rhX8oRyE5k.jpg,Russula
Russula/468_RQ5J6Kcoh_k.jpg,Lactarius
Russula/474_CCeE5w9X0kA.jpg,Russula
Russula/475_lAnWvdiuZ40.jpg,Russula
Russula/496_F6BQUGhflqE.jpg,Russula
Russula/499_Bplu-wmA-HM.jpg,Russula
Russula/510_OmFABBL9k-o.jpg,Russula
Russula/510_wh5lXXd9P8I.jpg,Russula
Russula/511_viHZPnkp9nI.jpg,Russula
Russula/518_ddwb9zDz0EA.jpg,Amanita
Russula/522_UuwMoQIu-vI.jpg,Russula
Russula/523_tIv61F6oSHo.jpg,Russula
Russula/527_VIIhkEz6IVU.jpg,Russula
Russula/539_imcOvuFi_L8.jpg,Russula
Russula/550_DXpWTC79gj4.jpg,Russula
Russula/552_ihVJ4T4Sss8.jpg,Russula
Russula/555_BO0CQEZYA6E.jpg,Russula
Russula/555_FEOGSD31AJA.jpg,Russula
Russula/558_2XWRKIYNpns.jpg,Russula
Russula/563_EPHtB7hzzO8.jpg,Russula
Russula/566_OEOz7-sZiGg.jpg,Entoloma
Russula/566_j2eyBRRMsFg.jpg,Russula
Russula/580_ntj_DGdqmvA.jpg,Russula
Russula/583_6388F9t5DmM.jpg,Russula
Russula/585_J7-hg8Q2d5Q.jpg,Cortinarius
Russula/589_-bL7aRrNA78.jpg,Russula
Russula/589_8NFk3DYKXT0.jpg,Russula
Russula/598_LdJVktsbmzU.jpg,Russula
Russula/627_hWHN9Vg_M9k.jpg,Russula
Russula/634_jOcrnpJfsU8.jpg,Russula
Russula/652_8Y0DIKg9m0g.jpg,Russula
Russula/676_MRYVcoyEg0g.jpg,Russula
Russula/712_PLWyutaegLU.jpg,Russula
Russula/720_MgjPuBh0ej4.jpg,Russula
Russula/721_SHsVC1uH5v0.jpg,Russula
Russula/722_oXsIYE6tAhk.jpg,Russula
Russula/726_bhiH1kNFrpo.jpg,Russula
Russula/727_GqKz3HCWl0c.jpg,Russula
Russula/737_CKVsLcd_U7c.jpg,Russula
Russula/743_4giu9E0vfXw.jpg,Russula
Russula/748_oR4cjrFM9pM.jpg,Russula
Russula/757_iadA7ihhNeQ.jpg,Russula
Russula/779_-4XVFNrzvWo.jpg,Lactarius
Suillus/010_Dm4XhIrCgr8.jpg,Suillus
Suillus/041_yiTKpDkh5x0.jpg,Suillus
Suillus/042_S8g3kuvZPb4.jpg,Suillus
Suillus/065_D3o19wza5dY.jpg,Suillus
Suillus/070_4XsGawmPhsY.jpg,Suillus
Suillus/095_Y0ffei0H7J0.jpg,Suillus
Suillus/098_4DX1lltV_aQ.jpg,Suillus
Suillus/113_NeGwrSvYjIw.jpg,Lactarius
Suillus/115_SzCJgMPqi1U.jpg,Suillus
Suillus/138_XqBe_SQuuzk.jpg,Lactarius
Suillus/148_kSkZsFcXas4.jpg,Suillus
Suillus/171_WXlAXE8Igfk.jpg,Suillus
Suillus/173_4nXH2EgvqXE.jpg,Suillus
Suillus/174_G_tZXZc2BS8.jpg,Agaricus
Suillus/185_LLaLpV-QYbA.jpg,Lactarius
Suillus/194_pLSbJbvCKdI.jpg,Suillus
Suillus/196_aLZr08WZtS0.jpg,Suillus
Suillus/201_UFlukxrQrhg.jpg,Cortinarius
Suillus/203_NlEDZaASXps.jpg,Lactarius
Suillus/204_y0wycqJqX0A.jpg,Lactarius
Suillus/213__mASjhX0ldM.jpg,Cortinarius
Suillus/217_ZAXchPHjhcE.jpg,Suillus
Suillus/221_11xP0OT5PWg.jpg,Suillus
Suillus/223_c499R8Mly5k.jpg,Lactarius
Suillus/235_2srF1Z370Io.jpg,Suillus
Suillus/253_1UJZeegG3q0.jpg,Suillus
Suillus/254_nAkgjwV9cQY.jpg,Cortinarius
Suillus/278_7lN6o-j1J1o.jpg,Suillus
Suillus/295_8vTlEFZ_Zw0.jpg,Cortinarius
Suillus/315_GvBoU4XjnTY.jpg,Suillus
Suillus/323_nPTPPVwVCh4.jpg,Boletus
Suillus/334_tepwic_Btvc.jpg,Lactarius
